{"pitch": [-2.8434229315419923, 10.98408659794752, 216.66344872161292, 53.71008692718481], "energy": [-1.5813745260238647, 6.653628826141357, 57.98889245841924, 36.66993008962077]}